date,jour,heure,activite,coach,inscrits,capacite,remplissage,complet,session_id,releve
2026-05-28,Jeudi,14:45,Rituel Libre 70',Guide Rituel,10,10,10/10,oui,8512,2026-05-28
2026-05-28,Jeudi,15:00,Rituel Libre 70',Guide Rituel,8,20,8/20,non,8328,2026-05-28
2026-05-28,Jeudi,16:30,Rituel Guidé : Signature,Deborah,25,38,25/38,non,8333,2026-05-28
2026-05-28,Jeudi,17:45,Rituel Libre : Social,Guide Rituel,10,10,10/10,oui,8338,2026-05-28
2026-05-28,Jeudi,18:00,Rituel Libre : Social,Guide Rituel,15,15,15/15,oui,8344,2026-05-28
2026-05-28,Jeudi,18:30,Rituel Libre : Social,Guide Rituel,5,25,5/25,non,8349,2026-05-28
2026-05-29,Vendredi,08:30,Rituel Libre : Silencieux,Guide Rituel,6,20,6/20,non,8617,2026-05-28
2026-05-29,Vendredi,08:45,Rituel Libre : Silencieux,Guide Rituel,5,10,5/10,non,8621,2026-05-28
2026-05-29,Vendredi,10:15,Rituel Guidé : Signature,Celine D’agostini,22,38,22/38,non,8625,2026-05-28
2026-05-29,Vendredi,11:30,Rituel Libre 70',Guide Rituel,1,10,1/10,non,8629,2026-05-28
2026-05-29,Vendredi,14:45,Rituel Libre 70',Guide Rituel,5,10,5/10,non,8513,2026-05-28
2026-05-29,Vendredi,15:00,Rituel Libre 70',Guide Rituel,6,20,6/20,non,8637,2026-05-28
2026-05-29,Vendredi,16:30,Rituel Guidé : Signature,Celine D’agostini,23,38,23/38,non,9114,2026-05-28
2026-05-29,Vendredi,17:45,Rituel Libre 70',Guide Rituel,10,10,10/10,oui,8642,2026-05-28
2026-05-29,Vendredi,18:00,Rituel Libre 70',Guide Rituel,6,15,6/15,non,8646,2026-05-28
2026-05-30,Samedi,07:45,Rituel Libre 70',,0,10,0/10,non,9411,2026-05-28
2026-05-30,Samedi,08:00,Rituel Libre 70',Guide Rituel,8,15,8/15,non,8382,2026-05-28
2026-05-30,Samedi,08:15,Rituel Libre 70',,3,8,3/8,non,9412,2026-05-28
2026-05-30,Samedi,09:45,Rituel Guidé : Signature,Adèle,26,38,26/38,non,8392,2026-05-28
2026-05-30,Samedi,11:00,Rituel Libre 70',Guide Rituel,2,10,2/10,non,8402,2026-05-28
2026-05-30,Samedi,11:15,Rituel Libre 70',Guide Rituel,3,10,3/10,non,8422,2026-05-28
2026-05-30,Samedi,11:30,Rituel Libre 70',Guide Rituel,0,10,0/10,non,8432,2026-05-28
2026-05-30,Samedi,13:45,Rituel Libre 70',Guide Rituel,6,20,6/20,non,8442,2026-05-28
2026-05-30,Samedi,14:00,Rituel Libre 70',Guide Rituel,6,10,6/10,non,8452,2026-05-28
2026-05-30,Samedi,15:30,Rituel Guidé : Signature,Deborah,12,38,12/38,non,8459,2026-05-28
2026-05-30,Samedi,16:45,Rituel Libre 70',Guide Rituel,3,10,3/10,non,8467,2026-05-28
2026-05-30,Samedi,17:00,Rituel Libre 70',Guide Rituel,2,10,2/10,non,8477,2026-05-28
2026-05-30,Samedi,17:15,Rituel Libre 70',Guide Rituel,1,10,1/10,non,8561,2026-05-28
2026-05-30,Samedi,18:15,Rituel Libre 70',Guide Rituel,5,15,5/15,non,8573,2026-05-28
2026-05-31,Dimanche,08:00,Rituel Guidé : Signature,Deborah,11,40,11/40,non,8383,2026-05-28
2026-05-31,Dimanche,09:45,Rituel Guidé : Signature,Deborah,8,38,8/38,non,8393,2026-05-28
2026-05-31,Dimanche,11:00,Rituel Libre 70',Guide Rituel,6,10,6/10,non,8403,2026-05-28
2026-05-31,Dimanche,11:15,Rituel Libre 70',Guide Rituel,1,10,1/10,non,8423,2026-05-28
2026-05-31,Dimanche,11:30,Rituel Libre 70',Guide Rituel,1,10,1/10,non,8433,2026-05-28
2026-05-31,Dimanche,13:45,Rituel Libre 70',Guide Rituel,4,20,4/20,non,8443,2026-05-28
2026-05-31,Dimanche,14:00,Rituel Libre 70',Guide Rituel,10,10,10/10,oui,8453,2026-05-28
2026-05-31,Dimanche,15:30,Rituel Guidé : Signature,Clo,20,38,20/38,non,8484,2026-05-28
2026-05-31,Dimanche,16:45,Rituel Libre 70',Guide Rituel,5,10,5/10,non,8468,2026-05-28
2026-05-31,Dimanche,17:00,Rituel Libre 70',Guide Rituel,6,10,6/10,non,8478,2026-05-28
2026-05-31,Dimanche,17:15,Rituel Libre 70',Guide Rituel,10,10,10/10,oui,8562,2026-05-28
2026-06-01,Lundi,08:30,Rituel Libre : Silencieux,Guide Rituel,4,20,4/20,non,8160,2026-05-28
2026-06-01,Lundi,08:40,Rituel Libre : Silencieux,Guide Rituel,0,15,0/15,non,8493,2026-05-28
2026-06-01,Lundi,10:15,Rituel Guidé 60 minutes,Deborah,5,38,5/38,non,8168,2026-05-28
2026-06-01,Lundi,11:30,Rituel Libre 70',Guide Rituel,1,10,1/10,non,8172,2026-05-28
2026-06-01,Lundi,11:45,Rituel Libre 70',Guide Rituel,0,20,0/20,non,8176,2026-05-28
2026-06-01,Lundi,14:45,Rituel Libre 70',Guide Rituel,2,10,2/10,non,8514,2026-05-28
2026-06-01,Lundi,15:00,Rituel Libre 70',,1,20,1/20,non,8180,2026-05-28
2026-06-01,Lundi,16:30,Rituel Guidé : Signature,Seibel,18,38,18/38,non,8184,2026-05-28
2026-06-01,Lundi,18:15,Rituel Guidé : Signature,Celine D’agostini,13,38,13/38,non,8188,2026-05-28
2026-06-02,Mardi,06:00,Rituel Guidé : Signature,Adèle,4,38,4/38,non,8193,2026-05-28
2026-06-02,Mardi,07:00,Rituel Libre - Silencieux,Guide Rituel,3,10,3/10,non,8201,2026-05-28
2026-06-02,Mardi,07:15,Rituel Libre : Silencieux,Guide Rituel,2,10,2/10,non,9144,2026-05-28
2026-06-02,Mardi,07:15,Rituel Libre : Silencieux,Guide Rituel,0,20,0/20,non,8206,2026-05-28
2026-06-02,Mardi,10:15,Rituel Guidé 60 minutes,Lilie,2,38,2/38,non,8212,2026-05-28
2026-06-02,Mardi,11:30,Rituel Libre 70',Guide Rituel,0,10,0/10,non,8217,2026-05-28
2026-06-02,Mardi,11:45,Rituel Libre 70',Guide Rituel,0,20,0/20,non,8222,2026-05-28
2026-06-02,Mardi,14:45,Rituel Libre 70',Guide Rituel,0,10,0/10,non,8515,2026-05-28
2026-06-02,Mardi,15:00,Rituel Libre 70',Guide Rituel,0,28,0/28,non,8227,2026-05-28
2026-06-02,Mardi,16:30,Rituel Guidé : Signature,Clo,9,38,9/38,non,8525,2026-05-28
2026-06-02,Mardi,17:45,Rituel Libre 70',Guide Rituel,6,10,6/10,non,8232,2026-05-28
2026-06-02,Mardi,18:00,Rituel Libre 70',,1,20,1/20,non,8237,2026-05-28
2026-06-02,Mardi,19:00,Rituel Libre 70',Guide Rituel,0,10,0/10,non,8536,2026-05-28
2026-06-02,Mardi,19:15,Rituel Libre 70',Guide Rituel,1,20,1/20,non,8541,2026-05-28
2026-06-03,Mercredi,08:30,Rituel Libre : Silencieux,Guide Rituel,3,20,3/20,non,8245,2026-05-28
2026-06-03,Mercredi,08:40,Rituel Libre : Silencieux,Guide Rituel,0,10,0/10,non,8530,2026-05-28
2026-06-03,Mercredi,10:15,Rituel Guidé 60 minutes,Clo,1,38,1/38,non,8258,2026-05-28
2026-06-03,Mercredi,11:30,Rituel Libre 70',Guide Rituel,0,10,0/10,non,8599,2026-05-28
2026-06-03,Mercredi,11:45,Rituel Libre 70',Guide Rituel,0,20,0/20,non,8264,2026-05-28
2026-06-03,Mercredi,14:45,Rituel Libre 70',Guide Rituel,1,10,1/10,non,8516,2026-05-28
2026-06-03,Mercredi,15:00,Rituel Libre 70',Guide Rituel,0,28,0/28,non,8265,2026-05-28
2026-06-03,Mercredi,16:30,Rituel Guidé : Signature,Adèle,5,38,5/38,non,8270,2026-05-28
2026-06-03,Mercredi,17:45,Rituel Libre 70',Guide Rituel,3,10,3/10,non,8275,2026-05-28
2026-06-03,Mercredi,18:00,Rituel Libre 70',Guide Rituel,2,13,2/13,non,8283,2026-05-28
2026-06-03,Mercredi,18:15,Rituel Libre 70',Guide Rituel,1,12,1/12,non,8546,2026-05-28
2026-06-04,Jeudi,05:45,Rituel Guidé : Sound Healing,Clo,3,38,3/38,non,8288,2026-05-28
2026-06-04,Jeudi,07:00,Rituel Libre : Silencieux,Guide Rituel,0,10,0/10,non,8298,2026-05-28
2026-06-04,Jeudi,07:15,Rituel Libre : Silencieux,Guide Rituel,2,20,2/20,non,8303,2026-05-28
2026-06-04,Jeudi,10:15,Rituel Guidé 60 minutes,Celine D’agostini,3,38,3/38,non,8308,2026-05-28
2026-06-04,Jeudi,11:30,Rituel Libre 70',Guide Rituel,0,10,0/10,non,8313,2026-05-28
2026-06-04,Jeudi,11:45,Rituel Libre 70',Guide Rituel,0,20,0/20,non,8318,2026-05-28
2026-06-04,Jeudi,14:45,Rituel Libre 70',Guide Rituel,0,10,0/10,non,8517,2026-05-28
2026-06-04,Jeudi,15:00,Rituel Libre 70',Guide Rituel,0,20,0/20,non,8329,2026-05-28
2026-06-04,Jeudi,16:30,Rituel Guidé : Signature,Deborah,1,38,1/38,non,8334,2026-05-28
2026-06-04,Jeudi,18:00,Rituel Guidé 60 minutes,Seibel,3,36,3/36,non,8345,2026-05-28
2026-06-04,Jeudi,19:00,Rituel Libre : Social,Guide Rituel,0,15,0/15,non,8355,2026-05-28
2026-06-04,Jeudi,19:15,Rituel Libre : Social,Guide Rituel,0,10,0/10,non,8360,2026-05-28
2026-06-05,Vendredi,08:30,Rituel Libre : Silencieux,Guide Rituel,0,20,0/20,non,8618,2026-05-28
2026-06-05,Vendredi,08:45,Rituel Libre : Silencieux,Guide Rituel,0,10,0/10,non,8622,2026-05-28
2026-06-05,Vendredi,10:15,Rituel Guidé : Signature,Celine D’agostini,4,38,4/38,non,8626,2026-05-28
2026-06-05,Vendredi,11:30,Rituel Libre 70',Guide Rituel,3,10,3/10,non,8630,2026-05-28
2026-06-05,Vendredi,11:45,Rituel Libre 70',Guide Rituel,0,20,0/20,non,8631,2026-05-28
2026-06-05,Vendredi,14:45,Rituel Libre 70',Guide Rituel,0,10,0/10,non,8518,2026-05-28
2026-06-05,Vendredi,15:00,Rituel Libre 70',Guide Rituel,1,20,1/20,non,8638,2026-05-28
2026-06-05,Vendredi,16:30,Rituel Guidé : Signature,Lilie,0,38,0/38,non,9404,2026-05-28
2026-06-05,Vendredi,17:45,Rituel Libre 70',Guide Rituel,2,10,2/10,non,8643,2026-05-28
2026-06-05,Vendredi,18:00,Rituel Libre 70',Guide Rituel,0,15,0/15,non,8647,2026-05-28
2026-06-05,Vendredi,18:30,Rituel Libre : Social,Guide Rituel,1,18,1/18,non,8659,2026-05-28
2026-06-06,Samedi,08:00,Rituel Guidé : Signature,Lilie,1,40,1/40,non,8384,2026-05-28
2026-06-06,Samedi,09:45,Rituel Guidé : Signature,Adèle,3,38,3/38,non,8394,2026-05-28
2026-06-06,Samedi,11:00,Rituel Libre 70',Guide Rituel,1,10,1/10,non,8404,2026-05-28
2026-06-06,Samedi,11:15,Rituel Libre 70',Guide Rituel,0,10,0/10,non,8424,2026-05-28
2026-06-06,Samedi,11:30,Rituel Libre 70',Guide Rituel,1,10,1/10,non,8434,2026-05-28
2026-06-06,Samedi,13:45,Rituel Libre 70',Guide Rituel,0,20,0/20,non,8444,2026-05-28
2026-06-06,Samedi,14:00,Rituel Libre 70',Guide Rituel,0,10,0/10,non,8454,2026-05-28
2026-06-06,Samedi,15:30,Rituel Guidé : Signature,Deborah,5,38,5/38,non,8460,2026-05-28
2026-06-06,Samedi,16:45,Rituel Libre 70',Guide Rituel,0,10,0/10,non,8469,2026-05-28
2026-06-06,Samedi,17:00,Rituel Libre 70',Guide Rituel,0,10,0/10,non,8479,2026-05-28
2026-06-06,Samedi,17:15,Rituel Libre 70',Guide Rituel,0,10,0/10,non,8563,2026-05-28
2026-06-06,Samedi,18:15,Rituel Libre : Social,Guide Rituel,2,15,2/15,non,8574,2026-05-28
2026-06-06,Samedi,18:30,Rituel Libre : Social,Guide Rituel,0,25,0/25,non,8579,2026-05-28
2026-06-06,Samedi,19:00,Rituel Libre : Social,Guide Rituel,0,24,0/24,non,8653,2026-05-28
2026-06-06,Samedi,19:15,Rituel Libre : Social,Guide Rituel,0,28,0/28,non,8589,2026-05-28
2026-06-07,Dimanche,08:00,Rituel Guidé : Signature,Celine D’agostini,0,40,0/40,non,8385,2026-05-28
2026-06-07,Dimanche,09:45,Rituel Guidé : Signature,Lilie,0,38,0/38,non,8395,2026-05-28
2026-06-07,Dimanche,11:00,Rituel Libre 70',Guide Rituel,0,10,0/10,non,8405,2026-05-28
2026-06-07,Dimanche,11:15,Rituel Libre 70',Guide Rituel,0,10,0/10,non,8425,2026-05-28
2026-06-07,Dimanche,11:30,Rituel Libre 70',Guide Rituel,0,10,0/10,non,8435,2026-05-28
2026-06-07,Dimanche,13:45,Rituel Libre 70',Guide Rituel,0,20,0/20,non,8445,2026-05-28
2026-06-07,Dimanche,14:00,Rituel Libre 70',Guide Rituel,1,10,1/10,non,8455,2026-05-28
2026-06-07,Dimanche,15:30,Rituel Guidé : Signature,Lilie,3,38,3/38,non,8485,2026-05-28
2026-06-07,Dimanche,16:45,Rituel Libre 70',Guide Rituel,0,10,0/10,non,8470,2026-05-28
2026-06-07,Dimanche,17:00,Rituel Libre 70',Guide Rituel,0,10,0/10,non,8480,2026-05-28
2026-06-07,Dimanche,17:15,Rituel Libre 70',Guide Rituel,0,10,0/10,non,8564,2026-05-28
2026-06-08,Lundi,08:30,Rituel Libre : Silencieux,Guide Rituel,0,15,0/15,non,9115,2026-05-28
2026-06-08,Lundi,08:45,Rituel Libre : Silencieux,Guide Rituel,0,15,0/15,non,9119,2026-05-28
2026-06-08,Lundi,10:15,Rituel Guidé 60 minutes,Deborah,0,38,0/38,non,9123,2026-05-28
2026-06-08,Lundi,14:45,Rituel Libre 70',Guide Rituel,0,15,0/15,non,9127,2026-05-28
2026-06-08,Lundi,15:00,Rituel Libre 70',Guide Rituel,2,15,2/15,non,9131,2026-05-28
2026-06-08,Lundi,16:30,Rituel Guidé : Signature,Seibel,5,38,5/38,non,9135,2026-05-28
2026-06-08,Lundi,18:15,Rituel Guidé : Sound Healing,Celine D’agostini,0,38,0/38,non,9139,2026-05-28
2026-06-09,Mardi,06:00,Rituel Guidé : Signature,Adèle,1,38,1/38,non,9140,2026-05-28
2026-06-09,Mardi,07:15,Rituel Libre : Silencieux,Guide Rituel,0,10,0/10,non,9145,2026-05-28
2026-06-09,Mardi,07:30,Rituel Libre : Silencieux,Guide Rituel,0,20,0/20,non,9149,2026-05-28
2026-06-09,Mardi,10:15,Rituel Guidé 60 minutes,Lilie,1,38,1/38,non,9153,2026-05-28
2026-06-09,Mardi,11:30,Rituel Libre 70',,0,10,0/10,non,9157,2026-05-28
2026-06-09,Mardi,11:45,Rituel Libre 70',Guide Rituel,0,20,0/20,non,9161,2026-05-28
2026-06-09,Mardi,16:30,Rituel Libre 70',Clo,2,38,2/38,non,9165,2026-05-28
2026-06-09,Mardi,17:45,Rituel Libre,Guide Rituel,2,10,2/10,non,9169,2026-05-28
2026-06-09,Mardi,18:00,Rituel Libre 70',Guide Rituel,0,10,0/10,non,9173,2026-05-28
2026-06-09,Mardi,18:15,Rituel Libre 70',,0,10,0/10,non,9177,2026-05-28
2026-06-09,Mardi,19:00,Rituel Libre,Guide Rituel,0,10,0/10,non,9181,2026-05-28
2026-06-09,Mardi,19:15,Rituel Libre 70',,0,20,0/20,non,9185,2026-05-28
2026-06-10,Mercredi,10:15,Rituel Guidé 60 minutes,Clo,1,38,1/38,non,9213,2026-05-28
2026-06-10,Mercredi,11:30,Rituel Libre 70',Guide Rituel,0,10,0/10,non,9217,2026-05-28
2026-06-10,Mercredi,11:45,Rituel Libre 70',Guide Rituel,0,20,0/20,non,9221,2026-05-28
2026-06-10,Mercredi,16:30,Rituel Guidé : Signature,Adèle,0,40,0/40,non,9225,2026-05-28
2026-06-10,Mercredi,18:15,Rituel Guidé : Signature,Deborah,0,40,0/40,non,9229,2026-05-28
2026-06-11,Jeudi,06:00,Rituel Guidé : Sound Healing,Clo,0,38,0/38,non,9233,2026-05-28
2026-06-11,Jeudi,07:15,Rituel Libre : Silencieux,Guide Rituel,0,10,0/10,non,9237,2026-05-28
2026-06-11,Jeudi,07:30,Rituel Libre : Silencieux,Guide Rituel,0,20,0/20,non,9241,2026-05-28
2026-06-11,Jeudi,10:15,Rituel Guidé : Signature,Deborah,0,40,0/40,non,9245,2026-05-28
2026-06-11,Jeudi,14:45,Rituel Libre 70',Guide Rituel,1,10,1/10,non,9249,2026-05-28
2026-06-11,Jeudi,15:00,Rituel Libre 70',Guide Rituel,0,20,0/20,non,9253,2026-05-28
2026-06-11,Jeudi,16:30,Rituel Guidé : Signature,Deborah,3,38,3/38,non,9254,2026-05-28
2026-06-11,Jeudi,17:45,Rituel Libre : Social,Guide Rituel,0,10,0/10,non,9258,2026-05-28
2026-06-11,Jeudi,18:00,Rituel Libre : Social,,0,15,0/15,non,9262,2026-05-28
2026-06-11,Jeudi,18:15,Rituel Libre : Social,,0,15,0/15,non,9400,2026-05-28
2026-06-11,Jeudi,18:30,Rituel Libre : Social,Guide Rituel,0,10,0/10,non,9267,2026-05-28
2026-06-12,Vendredi,10:15,Rituel Guidé : Signature,Celine D’agostini,0,38,0/38,non,9271,2026-05-28
2026-06-12,Vendredi,11:30,Rituel Libre 70',Guide Rituel,0,10,0/10,non,9275,2026-05-28
2026-06-12,Vendredi,11:45,Rituel Libre 70',Guide Rituel,0,20,0/20,non,9279,2026-05-28
2026-06-12,Vendredi,14:45,Rituel Libre 70',Guide Rituel,0,10,0/10,non,9283,2026-05-28
2026-06-12,Vendredi,15:00,Rituel Libre 70',Guide Rituel,0,20,0/20,non,9287,2026-05-28
2026-06-12,Vendredi,16:30,Rituel Guidé : Signature,Lilie,0,38,0/38,non,9291,2026-05-28
2026-06-12,Vendredi,17:45,Rituel Libre 70',Guide Rituel,0,10,0/10,non,9295,2026-05-28
2026-06-12,Vendredi,18:00,Rituel Libre 70',Guide Rituel,0,10,0/10,non,9299,2026-05-28
2026-06-12,Vendredi,18:15,Rituel Libre 70',Guide Rituel,0,10,0/10,non,9303,2026-05-28
2026-06-13,Samedi,08:00,Rituel Guidé : Signature,Lilie,1,40,1/40,non,9307,2026-05-28
2026-06-13,Samedi,09:45,Rituel Guidé : Signature,Adèle,0,38,0/38,non,9311,2026-05-28
2026-06-13,Samedi,11:00,Rituel Libre 70',Guide Rituel,0,10,0/10,non,9315,2026-05-28
2026-06-13,Samedi,11:15,Rituel Libre 70',Guide Rituel,0,10,0/10,non,9319,2026-05-28
2026-06-13,Samedi,11:30,Rituel Libre 70',Guide Rituel,0,10,0/10,non,9323,2026-05-28
2026-06-13,Samedi,13:45,Rituel Libre 70',Guide Rituel,0,20,0/20,non,9327,2026-05-28
2026-06-13,Samedi,14:00,Rituel Libre 70',Guide Rituel,0,10,0/10,non,9331,2026-05-28
2026-06-13,Samedi,15:30,Rituel Guidé : Signature,Deborah,0,38,0/38,non,9335,2026-05-28
2026-06-13,Samedi,16:45,Rituel Libre 70',Guide Rituel,0,10,0/10,non,9339,2026-05-28
2026-06-13,Samedi,17:00,Rituel Libre 70',Guide Rituel,0,10,0/10,non,9343,2026-05-28
2026-06-13,Samedi,17:15,Rituel Libre 70',Guide Rituel,0,10,0/10,non,9347,2026-05-28
2026-06-14,Dimanche,08:00,Rituel Libre 70',Deborah,0,40,0/40,non,9351,2026-05-28
2026-06-14,Dimanche,09:45,Rituel Guidé : Signature,Lilie,0,38,0/38,non,9355,2026-05-28
2026-06-14,Dimanche,11:00,Rituel Libre 70',Guide Rituel,0,10,0/10,non,9359,2026-05-28
2026-06-14,Dimanche,11:15,Rituel Libre 70',Guide Rituel,0,10,0/10,non,9363,2026-05-28
2026-06-14,Dimanche,11:30,Rituel Libre 70',Guide Rituel,0,10,0/10,non,9367,2026-05-28
2026-06-14,Dimanche,13:45,Rituel Libre 70',,0,20,0/20,non,9371,2026-05-28
2026-06-14,Dimanche,14:00,Rituel Libre 70',Guide Rituel,0,10,0/10,non,9375,2026-05-28
2026-06-14,Dimanche,15:30,Rituel Guidé,Lilie,0,38,0/38,non,9379,2026-05-28
2026-06-14,Dimanche,16:45,Rituel Libre 70',Guide Rituel,0,10,0/10,non,9387,2026-05-28
2026-06-14,Dimanche,17:00,Rituel Libre 70',Guide Rituel,0,10,0/10,non,9391,2026-05-28
2026-06-14,Dimanche,17:30,Rituel Libre 70',Guide Rituel,0,10,0/10,non,9395,2026-05-28
2026-06-15,Lundi,08:30,Rituel Libre : Silencieux,Guide Rituel,0,15,0/15,non,9116,2026-05-28
2026-06-15,Lundi,08:45,Rituel Libre : Silencieux,Guide Rituel,0,15,0/15,non,9120,2026-05-28
2026-06-15,Lundi,10:15,Rituel Guidé 60 minutes,Deborah,0,38,0/38,non,9124,2026-05-28
2026-06-15,Lundi,14:45,Rituel Libre 70',Guide Rituel,0,15,0/15,non,9128,2026-05-28
2026-06-15,Lundi,15:00,Rituel Libre 70',Guide Rituel,0,15,0/15,non,9132,2026-05-28
2026-06-15,Lundi,16:30,Rituel Guidé : Signature,Seibel,0,38,0/38,non,9136,2026-05-28
2026-06-16,Mardi,06:00,Rituel Guidé : Signature,Adèle,0,38,0/38,non,9141,2026-05-28
2026-06-16,Mardi,07:15,Rituel Libre : Silencieux,Guide Rituel,0,10,0/10,non,9146,2026-05-28
2026-06-16,Mardi,07:30,Rituel Libre : Silencieux,Guide Rituel,0,20,0/20,non,9150,2026-05-28
2026-06-16,Mardi,10:15,Rituel Guidé 60 minutes,Lilie,0,38,0/38,non,9154,2026-05-28
2026-06-16,Mardi,11:30,Rituel Libre 70',,0,10,0/10,non,9158,2026-05-28
2026-06-16,Mardi,11:45,Rituel Libre 70',Guide Rituel,0,20,0/20,non,9162,2026-05-28
2026-06-16,Mardi,16:30,Rituel Libre 70',Clo,0,38,0/38,non,9166,2026-05-28
2026-06-16,Mardi,17:45,Rituel Libre,Guide Rituel,0,10,0/10,non,9170,2026-05-28
2026-06-16,Mardi,18:00,Rituel Libre 70',Guide Rituel,0,10,0/10,non,9174,2026-05-28
2026-06-16,Mardi,18:15,Rituel Libre 70',,0,10,0/10,non,9178,2026-05-28
2026-06-16,Mardi,19:00,Rituel Libre,Guide Rituel,0,10,0/10,non,9182,2026-05-28
2026-06-16,Mardi,19:15,Rituel Libre 70',,0,20,0/20,non,9186,2026-05-28
2026-06-17,Mercredi,10:15,Rituel Guidé 60 minutes,Clo,0,38,0/38,non,9214,2026-05-28
2026-06-17,Mercredi,11:30,Rituel Libre 70',Guide Rituel,0,10,0/10,non,9218,2026-05-28
2026-06-17,Mercredi,11:45,Rituel Libre 70',Guide Rituel,0,20,0/20,non,9222,2026-05-28
2026-06-17,Mercredi,16:30,Rituel Guidé : Signature,Adèle,0,40,0/40,non,9226,2026-05-28
2026-06-17,Mercredi,18:15,Rituel Guidé : Signature,Deborah,0,40,0/40,non,9230,2026-05-28
2026-06-18,Jeudi,06:00,Rituel Guidé : Sound Healing,Clo,0,38,0/38,non,9234,2026-05-28
2026-06-18,Jeudi,07:15,Rituel Libre : Silencieux,Guide Rituel,0,10,0/10,non,9238,2026-05-28
2026-06-18,Jeudi,07:30,Rituel Libre : Silencieux,Guide Rituel,0,20,0/20,non,9242,2026-05-28
2026-06-18,Jeudi,10:15,Rituel Guidé : Signature,Lilie,0,40,0/40,non,9246,2026-05-28
2026-06-18,Jeudi,11:45,Rituel Libre 70',Guide Rituel,0,20,0/20,non,9280,2026-05-28
2026-06-18,Jeudi,14:45,Rituel Libre 70',Guide Rituel,0,10,0/10,non,9250,2026-05-28
2026-06-18,Jeudi,16:30,Rituel Guidé : Signature,Deborah,0,38,0/38,non,9255,2026-05-28
2026-06-18,Jeudi,17:45,Rituel Libre : Social,Guide Rituel,0,10,0/10,non,9259,2026-05-28
2026-06-18,Jeudi,18:00,Rituel Libre : Social,,0,15,0/15,non,9263,2026-05-28
2026-06-18,Jeudi,18:15,Rituel Libre : Social,,0,15,0/15,non,9401,2026-05-28
2026-06-18,Jeudi,18:30,Rituel Libre : Social,Guide Rituel,0,10,0/10,non,9268,2026-05-28
2026-06-19,Vendredi,10:15,Rituel Guidé : Signature,Celine D’agostini,0,38,0/38,non,9272,2026-05-28
2026-06-19,Vendredi,11:30,Rituel Libre 70',Guide Rituel,0,10,0/10,non,9276,2026-05-28
2026-06-19,Vendredi,14:45,Rituel Libre 70',Guide Rituel,0,10,0/10,non,9284,2026-05-28
2026-06-19,Vendredi,15:00,Rituel Libre 70',Guide Rituel,0,20,0/20,non,9288,2026-05-28
2026-06-19,Vendredi,16:30,Rituel Guidé : Signature,Lilie,0,38,0/38,non,9292,2026-05-28
2026-06-19,Vendredi,17:45,Rituel Libre 70',Guide Rituel,0,10,0/10,non,9296,2026-05-28
2026-06-19,Vendredi,18:00,Rituel Libre 70',Guide Rituel,0,10,0/10,non,9300,2026-05-28
2026-06-19,Vendredi,18:15,Rituel Libre 70',Guide Rituel,0,10,0/10,non,9304,2026-05-28
2026-06-20,Samedi,08:00,Rituel Guidé : Signature,,0,40,0/40,non,9308,2026-05-28
2026-06-20,Samedi,09:45,Rituel Guidé : Signature,Adèle,1,38,1/38,non,9312,2026-05-28
2026-06-20,Samedi,11:00,Rituel Libre 70',Guide Rituel,0,10,0/10,non,9316,2026-05-28
2026-06-20,Samedi,11:15,Rituel Libre 70',Guide Rituel,0,10,0/10,non,9320,2026-05-28
2026-06-20,Samedi,11:30,Rituel Libre 70',Guide Rituel,0,10,0/10,non,9324,2026-05-28
2026-06-20,Samedi,13:45,Rituel Libre 70',Guide Rituel,0,20,0/20,non,9328,2026-05-28
2026-06-20,Samedi,14:00,Rituel Libre 70',Guide Rituel,0,10,0/10,non,9332,2026-05-28
2026-06-20,Samedi,15:30,Rituel Guidé : Signature,Deborah,0,38,0/38,non,9336,2026-05-28
2026-06-20,Samedi,16:45,Rituel Libre 70',Guide Rituel,0,10,0/10,non,9340,2026-05-28
2026-06-20,Samedi,17:00,Rituel Libre 70',Guide Rituel,0,10,0/10,non,9344,2026-05-28
2026-06-20,Samedi,17:15,Rituel Libre 70',Guide Rituel,0,10,0/10,non,9348,2026-05-28
2026-06-21,Dimanche,08:00,Rituel Libre 70',Deborah,0,40,0/40,non,9352,2026-05-28
2026-06-21,Dimanche,09:45,Rituel Guidé : Signature,Lilie,0,38,0/38,non,9356,2026-05-28
2026-06-21,Dimanche,11:00,Rituel Libre 70',Guide Rituel,0,10,0/10,non,9360,2026-05-28
2026-06-21,Dimanche,11:15,Rituel Libre 70',Guide Rituel,0,10,0/10,non,9364,2026-05-28
2026-06-21,Dimanche,11:30,Rituel Libre 70',Guide Rituel,0,10,0/10,non,9368,2026-05-28
2026-06-21,Dimanche,13:45,Rituel Libre 70',,0,20,0/20,non,9372,2026-05-28
2026-06-21,Dimanche,14:00,Rituel Libre 70',Guide Rituel,0,10,0/10,non,9376,2026-05-28
2026-06-21,Dimanche,15:30,Rituel Guidé,Lilie,0,38,0/38,non,9380,2026-05-28
2026-06-21,Dimanche,16:45,Rituel Libre 70',Guide Rituel,0,10,0/10,non,9388,2026-05-28
2026-06-21,Dimanche,17:00,Rituel Libre 70',Guide Rituel,0,10,0/10,non,9392,2026-05-28
2026-06-21,Dimanche,17:30,Rituel Libre 70',Guide Rituel,0,10,0/10,non,9396,2026-05-28
2026-06-22,Lundi,08:30,Rituel Libre : Silencieux,Guide Rituel,0,15,0/15,non,9117,2026-05-28
2026-06-22,Lundi,08:45,Rituel Libre : Silencieux,Guide Rituel,0,15,0/15,non,9121,2026-05-28
2026-06-22,Lundi,10:15,Rituel Guidé 60 minutes,Deborah,0,38,0/38,non,9125,2026-05-28
2026-06-22,Lundi,14:45,Rituel Libre 70',Guide Rituel,0,15,0/15,non,9129,2026-05-28
2026-06-22,Lundi,15:00,Rituel Libre 70',Guide Rituel,0,15,0/15,non,9133,2026-05-28
2026-06-22,Lundi,16:30,Rituel Guidé : Signature,Seibel,0,38,0/38,non,9137,2026-05-28
2026-06-23,Mardi,06:00,Rituel Guidé : Signature,Adèle,0,38,0/38,non,9142,2026-05-28
2026-06-23,Mardi,07:15,Rituel Libre : Silencieux,Guide Rituel,0,10,0/10,non,9147,2026-05-28
2026-06-23,Mardi,07:30,Rituel Libre : Silencieux,Guide Rituel,0,20,0/20,non,9151,2026-05-28
2026-06-23,Mardi,10:15,Rituel Guidé 60 minutes,Lilie,0,38,0/38,non,9155,2026-05-28
2026-06-23,Mardi,11:30,Rituel Libre 70',,0,10,0/10,non,9159,2026-05-28
2026-06-23,Mardi,11:45,Rituel Libre 70',Guide Rituel,0,20,0/20,non,9163,2026-05-28
2026-06-23,Mardi,16:30,Rituel Libre 70',Clo,0,38,0/38,non,9167,2026-05-28
2026-06-23,Mardi,17:45,Rituel Libre,Guide Rituel,0,10,0/10,non,9171,2026-05-28
2026-06-23,Mardi,18:00,Rituel Libre 70',Guide Rituel,0,10,0/10,non,9175,2026-05-28
2026-06-23,Mardi,18:15,Rituel Libre 70',,0,10,0/10,non,9179,2026-05-28
2026-06-23,Mardi,19:00,Rituel Libre,Guide Rituel,0,10,0/10,non,9183,2026-05-28
2026-06-23,Mardi,19:15,Rituel Libre 70',,0,20,0/20,non,9187,2026-05-28
2026-06-24,Mercredi,10:15,Rituel Guidé 60 minutes,Clo,0,38,0/38,non,9215,2026-05-28
2026-06-24,Mercredi,11:30,Rituel Libre 70',Guide Rituel,0,10,0/10,non,9219,2026-05-28
2026-06-24,Mercredi,11:45,Rituel Libre 70',Guide Rituel,0,20,0/20,non,9223,2026-05-28
2026-06-24,Mercredi,16:30,Rituel Guidé : Signature,Adèle,0,40,0/40,non,9227,2026-05-28
2026-06-24,Mercredi,18:15,Rituel Guidé : Signature,,0,40,0/40,non,9231,2026-05-28
2026-06-25,Jeudi,06:00,Rituel Guidé : Sound Healing,Clo,0,38,0/38,non,9235,2026-05-28
2026-06-25,Jeudi,07:15,Rituel Libre : Silencieux,Guide Rituel,0,10,0/10,non,9239,2026-05-28
2026-06-25,Jeudi,07:30,Rituel Libre : Silencieux,Guide Rituel,0,20,0/20,non,9243,2026-05-28
2026-06-25,Jeudi,10:15,Rituel Guidé : Signature,,0,40,0/40,non,9247,2026-05-28
2026-06-25,Jeudi,11:45,Rituel Libre 70',Guide Rituel,0,20,0/20,non,9281,2026-05-28
2026-06-25,Jeudi,14:45,Rituel Libre 70',Guide Rituel,0,10,0/10,non,9251,2026-05-28
2026-06-25,Jeudi,16:30,Rituel Guidé : Signature,Deborah,0,38,0/38,non,9256,2026-05-28
2026-06-25,Jeudi,17:45,Rituel Libre : Social,Guide Rituel,0,10,0/10,non,9260,2026-05-28
2026-06-25,Jeudi,18:00,Rituel Libre : Social,,0,15,0/15,non,9264,2026-05-28
2026-06-25,Jeudi,18:15,Rituel Libre : Social,,0,15,0/15,non,9402,2026-05-28
2026-06-25,Jeudi,18:30,Rituel Libre : Social,Guide Rituel,0,10,0/10,non,9269,2026-05-28
